<?xml version="1.0" encoding="UTF-8"?>
<project-private xmlns="http://www.netbeans.org/ns/project-private/1">
    <editor-bookmarks xmlns="http://www.netbeans.org/ns/editor-bookmarks/2" lastBookmarkId="0"/>
    <open-files xmlns="http://www.netbeans.org/ns/projectui-open-files/2">
        <group>
            <file>file:/C:/xampp/htdocs/ClotheStockProject/view_inventory.php</file>
            <file>file:/C:/xampp/htdocs/ClotheStockProject/db_connect.php</file>
            <file>file:/C:/xampp/htdocs/ClotheStockProject/dashboard.html</file>
            <file>file:/C:/xampp/htdocs/ClotheStockProject/UserTestData.sql</file>
            <file>file:/C:/xampp/htdocs/ClotheStockProject/index.html</file>
            <file>file:/C:/xampp/htdocs/ClotheStockProject/index.php</file>
        </group>
    </open-files>
</project-private>
